storm_id,scenario_name,magnitude_mm,map_status,Qmax_cuenca_griss_m3s
sample_0001,Griss_Haiti_WRF_Box_rlz1year10000storm5,752.73,real,5736.58
sample_0002,Griss_Haiti_WRF_Box_rlz1year2612storm5,0.38,real,0.0
sample_0003,Griss_Haiti_WRF_Box_rlz1year2857storm5,0.15,real,0.0
sample_0004,Griss_Haiti_WRF_Box_rlz1year3176storm5,0.99,real,4.72
sample_0005,Griss_Haiti_WRF_Box_rlz1year4002storm3,4.09,real,6.67
sample_0006,Griss_Haiti_WRF_Box_rlz1year4115storm5,13.21,real,1.99
sample_0007,Griss_Haiti_WRF_Box_rlz1year4131storm4,2.87,real,0.0
sample_0008,Griss_Haiti_WRF_Box_rlz1year4515storm5,29.46,real,26.43
sample_0009,Griss_Haiti_WRF_Box_rlz1year4670storm4,0.15,real,0.02
sample_0010,Griss_Haiti_WRF_Box_rlz1year4916storm4,0.02,real,0.0
sample_0011,Griss_Haiti_WRF_Box_rlz1year5115storm4,0.34,real,0.0
sample_0012,Griss_Haiti_WRF_Box_rlz1year5544storm5,2.11,real,8.61
sample_0013,Griss_Haiti_WRF_Box_rlz1year6105storm5,34.08,real,205.24
sample_0014,Griss_Haiti_WRF_Box_rlz1year6148storm5,67.11,real,134.65
sample_0015,Griss_Haiti_WRF_Box_rlz1year6178storm5,105.56,real,63.22
sample_0016,Griss_Haiti_WRF_Box_rlz1year6343storm5,114.87,real,53.9
sample_0017,Griss_Haiti_WRF_Box_rlz1year6380storm5,72.07,real,826.89
sample_0018,Griss_Haiti_WRF_Box_rlz1year6412storm5,222.99,real,379.94
sample_0019,Griss_Haiti_WRF_Box_rlz1year6427storm5,147.92,real,208.48
sample_0020,Griss_Haiti_WRF_Box_rlz1year6445storm5,62.28,real,155.02
sample_0021,Griss_Haiti_WRF_Box_rlz1year6496storm5,14.3,real,128.66
sample_0022,Griss_Haiti_WRF_Box_rlz1year6524storm5,79.23,real,582.62
sample_0023,Griss_Haiti_WRF_Box_rlz1year6719storm5,104.29,real,144.16
sample_0024,Griss_Haiti_WRF_Box_rlz1year6853storm4,69.37,real,33.02
sample_0025,Griss_Haiti_WRF_Box_rlz1year6876storm3,35.69,real,164.74
sample_0026,Griss_Haiti_WRF_Box_rlz1year6900storm5,95.39,real,121.86
sample_0027,Griss_Haiti_WRF_Box_rlz1year6956storm2,0.08,real,0.0
sample_0028,Griss_Haiti_WRF_Box_rlz1year6969storm4,0.21,real,0.0
sample_0029,Griss_Haiti_WRF_Box_rlz1year7341storm5,93.63,real,409.26
sample_0030,Griss_Haiti_WRF_Box_rlz1year7409storm5,90.71,real,1475.85
sample_0031,Griss_Haiti_WRF_Box_rlz1year7473storm5,215.57,real,641.61
sample_0032,Griss_Haiti_WRF_Box_rlz1year7500storm2,14.07,real,9.81
sample_0033,Griss_Haiti_WRF_Box_rlz1year7807storm5,236.77,real,223.1
sample_0034,Griss_Haiti_WRF_Box_rlz1year8075storm5,82.04,real,479.46
sample_0035,Griss_Haiti_WRF_Box_rlz1year8080storm5,132.85,real,481.73
sample_0036,Griss_Haiti_WRF_Box_rlz1year8122storm5,218.42,real,947.44
sample_0037,Griss_Haiti_WRF_Box_rlz1year8151storm4,43.75,real,260.19
sample_0038,Griss_Haiti_WRF_Box_rlz1year8164storm5,133.04,real,675.91
sample_0039,Griss_Haiti_WRF_Box_rlz1year8194storm5,96.07,real,630.69
sample_0040,Griss_Haiti_WRF_Box_rlz1year8249storm5,95.16,real,417.98
sample_0041,Griss_Haiti_WRF_Box_rlz1year8372storm5,142.65,real,900.41
sample_0042,Griss_Haiti_WRF_Box_rlz1year8373storm5,474.47,real,1231.25
sample_0043,Griss_Haiti_WRF_Box_rlz1year8404storm5,318.97,real,1380.71
sample_0044,Griss_Haiti_WRF_Box_rlz1year8473storm3,53.01,real,0.47
sample_0045,Griss_Haiti_WRF_Box_rlz1year8514storm5,116.29,real,1955.83
sample_0046,Griss_Haiti_WRF_Box_rlz1year8546storm5,199.0,real,558.14
sample_0047,Griss_Haiti_WRF_Box_rlz1year8562storm5,210.72,real,226.12
sample_0048,Griss_Haiti_WRF_Box_rlz1year8611storm4,158.96,real,229.23
sample_0049,Griss_Haiti_WRF_Box_rlz1year8657storm5,100.34,real,595.13
sample_0050,Griss_Haiti_WRF_Box_rlz1year8698storm5,126.4,real,925.23
sample_0051,Griss_Haiti_WRF_Box_rlz1year8806storm5,42.26,placeholder_copy_of_sample_0004,694.39
sample_0052,Griss_Haiti_WRF_Box_rlz1year8875storm5,230.79,placeholder_copy_of_sample_0004,247.04
sample_0053,Griss_Haiti_WRF_Box_rlz1year8878storm5,222.54,placeholder_copy_of_sample_0004,1379.54
sample_0054,Griss_Haiti_WRF_Box_rlz1year8895storm5,183.82,placeholder_copy_of_sample_0004,530.31
sample_0055,Griss_Haiti_WRF_Box_rlz1year8924storm5,302.58,placeholder_copy_of_sample_0004,765.02
sample_0056,Griss_Haiti_WRF_Box_rlz1year8928storm5,191.49,placeholder_copy_of_sample_0004,639.85
sample_0057,Griss_Haiti_WRF_Box_rlz1year8931storm5,184.0,placeholder_copy_of_sample_0004,1783.47
sample_0058,Griss_Haiti_WRF_Box_rlz1year8954storm5,84.4,placeholder_copy_of_sample_0004,848.79
sample_0059,Griss_Haiti_WRF_Box_rlz1year8974storm5,253.03,placeholder_copy_of_sample_0004,1692.09
sample_0060,Griss_Haiti_WRF_Box_rlz1year8976storm4,261.33,placeholder_copy_of_sample_0004,175.23
sample_0061,Griss_Haiti_WRF_Box_rlz1year9027storm5,74.55,placeholder_copy_of_sample_0004,881.97
sample_0062,Griss_Haiti_WRF_Box_rlz1year9031storm5,375.71,placeholder_copy_of_sample_0004,2206.42
sample_0063,Griss_Haiti_WRF_Box_rlz1year9035storm5,229.44,placeholder_copy_of_sample_0004,784.57
sample_0064,Griss_Haiti_WRF_Box_rlz1year9036storm5,271.12,placeholder_copy_of_sample_0004,1479.04
sample_0065,Griss_Haiti_WRF_Box_rlz1year9041storm5,139.6,placeholder_copy_of_sample_0004,949.87
sample_0066,Griss_Haiti_WRF_Box_rlz1year9064storm5,77.32,placeholder_copy_of_sample_0004,1203.89
sample_0067,Griss_Haiti_WRF_Box_rlz1year9094storm5,213.89,placeholder_copy_of_sample_0004,1662.48
sample_0068,Griss_Haiti_WRF_Box_rlz1year9105storm5,555.19,placeholder_copy_of_sample_0004,1252.12
sample_0069,Griss_Haiti_WRF_Box_rlz1year9108storm5,115.19,placeholder_copy_of_sample_0004,1389.35
sample_0070,Griss_Haiti_WRF_Box_rlz1year9123storm5,417.5,placeholder_copy_of_sample_0004,992.28
sample_0071,Griss_Haiti_WRF_Box_rlz1year9135storm4,5.48,placeholder_copy_of_sample_0004,84.78
sample_0072,Griss_Haiti_WRF_Box_rlz1year9214storm5,473.89,placeholder_copy_of_sample_0004,1309.49
sample_0073,Griss_Haiti_WRF_Box_rlz1year9242storm4,228.43,placeholder_copy_of_sample_0004,364.18
sample_0074,Griss_Haiti_WRF_Box_rlz1year9243storm5,140.09,placeholder_copy_of_sample_0004,1083.73
sample_0075,Griss_Haiti_WRF_Box_rlz1year9269storm5,233.71,placeholder_copy_of_sample_0004,1907.46
sample_0076,Griss_Haiti_WRF_Box_rlz1year9284storm5,61.74,placeholder_copy_of_sample_0004,2000.41
sample_0077,Griss_Haiti_WRF_Box_rlz1year9306storm5,266.77,placeholder_copy_of_sample_0004,638.34
sample_0078,Griss_Haiti_WRF_Box_rlz1year9345storm5,326.93,placeholder_copy_of_sample_0004,365.01
sample_0079,Griss_Haiti_WRF_Box_rlz1year9352storm4,23.73,placeholder_copy_of_sample_0004,44.66
sample_0080,Griss_Haiti_WRF_Box_rlz1year9355storm5,272.1,placeholder_copy_of_sample_0004,1083.74
sample_0081,Griss_Haiti_WRF_Box_rlz1year9367storm5,147.41,placeholder_copy_of_sample_0004,532.46
sample_0082,Griss_Haiti_WRF_Box_rlz1year9380storm5,135.88,placeholder_copy_of_sample_0004,1192.4
sample_0083,Griss_Haiti_WRF_Box_rlz1year9396storm5,272.09,placeholder_copy_of_sample_0004,1722.13
sample_0084,Griss_Haiti_WRF_Box_rlz1year9398storm5,383.65,placeholder_copy_of_sample_0004,1012.42
sample_0085,Griss_Haiti_WRF_Box_rlz1year9412storm5,310.67,placeholder_copy_of_sample_0004,1657.29
sample_0086,Griss_Haiti_WRF_Box_rlz1year9432storm5,339.26,placeholder_copy_of_sample_0004,1075.74
sample_0087,Griss_Haiti_WRF_Box_rlz1year9434storm5,221.28,placeholder_copy_of_sample_0004,2525.23
sample_0088,Griss_Haiti_WRF_Box_rlz1year9437storm5,144.41,placeholder_copy_of_sample_0004,988.92
sample_0089,Griss_Haiti_WRF_Box_rlz1year9483storm5,220.75,placeholder_copy_of_sample_0004,404.09
sample_0090,Griss_Haiti_WRF_Box_rlz1year9505storm5,112.23,placeholder_copy_of_sample_0004,1192.88
sample_0091,Griss_Haiti_WRF_Box_rlz1year9523storm5,233.39,placeholder_copy_of_sample_0004,424.93
sample_0092,Griss_Haiti_WRF_Box_rlz1year9535storm5,373.73,placeholder_copy_of_sample_0004,1110.43
sample_0093,Griss_Haiti_WRF_Box_rlz1year9549storm5,620.37,placeholder_copy_of_sample_0004,3433.5
sample_0094,Griss_Haiti_WRF_Box_rlz1year9581storm5,340.23,placeholder_copy_of_sample_0004,1009.23
sample_0095,Griss_Haiti_WRF_Box_rlz1year9582storm5,247.65,placeholder_copy_of_sample_0004,1179.0
sample_0096,Griss_Haiti_WRF_Box_rlz1year9602storm5,253.86,placeholder_copy_of_sample_0004,2963.2
sample_0097,Griss_Haiti_WRF_Box_rlz1year9636storm5,309.22,placeholder_copy_of_sample_0004,818.26
sample_0098,Griss_Haiti_WRF_Box_rlz1year9648storm5,398.69,placeholder_copy_of_sample_0004,1341.57
sample_0099,Griss_Haiti_WRF_Box_rlz1year9649storm5,230.28,placeholder_copy_of_sample_0004,1771.74
sample_0100,Griss_Haiti_WRF_Box_rlz1year9665storm5,426.24,placeholder_copy_of_sample_0004,824.76
sample_0101,Griss_Haiti_WRF_Box_rlz1year9682storm5,318.1,placeholder_copy_of_sample_0004,1883.06
sample_0102,Griss_Haiti_WRF_Box_rlz1year9686storm4,7.09,placeholder_copy_of_sample_0004,0.78
sample_0103,Griss_Haiti_WRF_Box_rlz1year9696storm5,294.89,placeholder_copy_of_sample_0004,1340.24
sample_0104,Griss_Haiti_WRF_Box_rlz1year9702storm5,653.84,placeholder_copy_of_sample_0004,2097.38
sample_0105,Griss_Haiti_WRF_Box_rlz1year9729storm5,197.3,placeholder_copy_of_sample_0004,729.94
sample_0106,Griss_Haiti_WRF_Box_rlz1year9732storm5,101.61,placeholder_copy_of_sample_0004,1334.9
sample_0107,Griss_Haiti_WRF_Box_rlz1year9736storm5,186.42,placeholder_copy_of_sample_0004,1604.64
sample_0108,Griss_Haiti_WRF_Box_rlz1year9745storm5,580.2,placeholder_copy_of_sample_0004,4873.25
sample_0109,Griss_Haiti_WRF_Box_rlz1year9750storm4,110.23,placeholder_copy_of_sample_0004,373.76
sample_0110,Griss_Haiti_WRF_Box_rlz1year9750storm5,270.49,placeholder_copy_of_sample_0004,1362.68
sample_0111,Griss_Haiti_WRF_Box_rlz1year9763storm5,491.66,placeholder_copy_of_sample_0004,1143.94
sample_0112,Griss_Haiti_WRF_Box_rlz1year9765storm5,280.98,placeholder_copy_of_sample_0004,1106.28
sample_0113,Griss_Haiti_WRF_Box_rlz1year9768storm5,207.67,placeholder_copy_of_sample_0004,2119.85
sample_0114,Griss_Haiti_WRF_Box_rlz1year9770storm5,231.77,placeholder_copy_of_sample_0004,2343.95
sample_0115,Griss_Haiti_WRF_Box_rlz1year9792storm5,350.0,placeholder_copy_of_sample_0004,2498.98
sample_0116,Griss_Haiti_WRF_Box_rlz1year9796storm5,477.29,placeholder_copy_of_sample_0004,2483.21
sample_0117,Griss_Haiti_WRF_Box_rlz1year9808storm5,308.83,placeholder_copy_of_sample_0004,1001.11
sample_0118,Griss_Haiti_WRF_Box_rlz1year9815storm5,360.74,placeholder_copy_of_sample_0004,1683.55
sample_0119,Griss_Haiti_WRF_Box_rlz1year9823storm5,568.64,placeholder_copy_of_sample_0004,2676.61
sample_0120,Griss_Haiti_WRF_Box_rlz1year9826storm5,437.43,placeholder_copy_of_sample_0004,2926.99
sample_0121,Griss_Haiti_WRF_Box_rlz1year9833storm5,212.59,placeholder_copy_of_sample_0004,1683.03
sample_0122,Griss_Haiti_WRF_Box_rlz1year9834storm5,509.24,placeholder_copy_of_sample_0004,1417.47
sample_0123,Griss_Haiti_WRF_Box_rlz1year9835storm5,251.3,placeholder_copy_of_sample_0004,2151.26
sample_0124,Griss_Haiti_WRF_Box_rlz1year9836storm5,281.23,placeholder_copy_of_sample_0004,3878.63
sample_0125,Griss_Haiti_WRF_Box_rlz1year9838storm5,252.44,placeholder_copy_of_sample_0004,2343.78
sample_0126,Griss_Haiti_WRF_Box_rlz1year9840storm5,318.82,placeholder_copy_of_sample_0004,1777.95
sample_0127,Griss_Haiti_WRF_Box_rlz1year9849storm5,462.94,placeholder_copy_of_sample_0004,2383.18
sample_0128,Griss_Haiti_WRF_Box_rlz1year9851storm5,390.17,placeholder_copy_of_sample_0004,1516.78
sample_0129,Griss_Haiti_WRF_Box_rlz1year9853storm5,590.11,placeholder_copy_of_sample_0004,3677.86
sample_0130,Griss_Haiti_WRF_Box_rlz1year9857storm5,287.61,placeholder_copy_of_sample_0004,3536.94
sample_0131,Griss_Haiti_WRF_Box_rlz1year9863storm5,262.66,placeholder_copy_of_sample_0004,2753.9
sample_0132,Griss_Haiti_WRF_Box_rlz1year9865storm5,410.3,placeholder_copy_of_sample_0004,991.52
sample_0133,Griss_Haiti_WRF_Box_rlz1year9870storm5,360.22,placeholder_copy_of_sample_0004,3808.16
sample_0134,Griss_Haiti_WRF_Box_rlz1year9878storm5,544.25,placeholder_copy_of_sample_0004,2165.07
sample_0135,Griss_Haiti_WRF_Box_rlz1year9882storm5,287.06,placeholder_copy_of_sample_0004,1796.4
sample_0136,Griss_Haiti_WRF_Box_rlz1year9883storm5,354.22,placeholder_copy_of_sample_0004,2173.66
sample_0137,Griss_Haiti_WRF_Box_rlz1year9889storm5,421.08,placeholder_copy_of_sample_0004,2038.55
sample_0138,Griss_Haiti_WRF_Box_rlz1year9894storm5,500.12,placeholder_copy_of_sample_0004,1840.07
sample_0139,Griss_Haiti_WRF_Box_rlz1year9898storm5,559.5,placeholder_copy_of_sample_0004,2612.39
sample_0140,Griss_Haiti_WRF_Box_rlz1year9899storm4,447.61,placeholder_copy_of_sample_0004,2880.73
sample_0141,Griss_Haiti_WRF_Box_rlz1year9900storm5,457.76,placeholder_copy_of_sample_0004,2543.4
sample_0142,Griss_Haiti_WRF_Box_rlz1year9901storm5,516.96,placeholder_copy_of_sample_0004,1722.07
sample_0143,Griss_Haiti_WRF_Box_rlz1year9904storm4,347.47,placeholder_copy_of_sample_0004,1100.82
sample_0144,Griss_Haiti_WRF_Box_rlz1year9905storm5,380.59,placeholder_copy_of_sample_0004,2944.87
sample_0145,Griss_Haiti_WRF_Box_rlz1year9909storm5,497.5,placeholder_copy_of_sample_0004,1821.49
sample_0146,Griss_Haiti_WRF_Box_rlz1year9910storm5,624.56,placeholder_copy_of_sample_0004,2068.28
sample_0147,Griss_Haiti_WRF_Box_rlz1year9911storm5,312.21,placeholder_copy_of_sample_0004,1932.76
sample_0148,Griss_Haiti_WRF_Box_rlz1year9919storm5,357.2,placeholder_copy_of_sample_0004,1915.28
sample_0149,Griss_Haiti_WRF_Box_rlz1year9920storm5,588.04,placeholder_copy_of_sample_0004,2301.15
sample_0150,Griss_Haiti_WRF_Box_rlz1year9922storm3,88.09,placeholder_copy_of_sample_0004,454.71
sample_0151,Griss_Haiti_WRF_Box_rlz1year9924storm5,424.65,placeholder_copy_of_sample_0004,3063.6
sample_0152,Griss_Haiti_WRF_Box_rlz1year9925storm5,574.91,placeholder_copy_of_sample_0004,2648.27
sample_0153,Griss_Haiti_WRF_Box_rlz1year9928storm5,585.28,placeholder_copy_of_sample_0004,2312.58
sample_0154,Griss_Haiti_WRF_Box_rlz1year9932storm5,395.13,placeholder_copy_of_sample_0004,2563.64
sample_0155,Griss_Haiti_WRF_Box_rlz1year9935storm5,381.44,placeholder_copy_of_sample_0004,2375.9
sample_0156,Griss_Haiti_WRF_Box_rlz1year9936storm5,291.9,placeholder_copy_of_sample_0004,1959.08
sample_0157,Griss_Haiti_WRF_Box_rlz1year9940storm5,541.64,placeholder_copy_of_sample_0004,3588.86
sample_0158,Griss_Haiti_WRF_Box_rlz1year9941storm5,611.36,placeholder_copy_of_sample_0004,2635.83
sample_0159,Griss_Haiti_WRF_Box_rlz1year9945storm5,602.34,placeholder_copy_of_sample_0004,2050.5
sample_0160,Griss_Haiti_WRF_Box_rlz1year9950storm5,477.61,placeholder_copy_of_sample_0004,3098.04
sample_0161,Griss_Haiti_WRF_Box_rlz1year9951storm5,390.83,placeholder_copy_of_sample_0004,3902.01
sample_0162,Griss_Haiti_WRF_Box_rlz1year9952storm5,385.5,placeholder_copy_of_sample_0004,2476.2
sample_0163,Griss_Haiti_WRF_Box_rlz1year9953storm5,321.78,placeholder_copy_of_sample_0004,3653.28
sample_0164,Griss_Haiti_WRF_Box_rlz1year9954storm5,440.13,placeholder_copy_of_sample_0004,3389.09
sample_0165,Griss_Haiti_WRF_Box_rlz1year9956storm5,538.16,placeholder_copy_of_sample_0004,2085.01
sample_0166,Griss_Haiti_WRF_Box_rlz1year9957storm5,526.17,placeholder_copy_of_sample_0004,1853.04
sample_0167,Griss_Haiti_WRF_Box_rlz1year9958storm5,935.12,placeholder_copy_of_sample_0004,4997.96
sample_0168,Griss_Haiti_WRF_Box_rlz1year9959storm5,430.45,placeholder_copy_of_sample_0004,4584.76
sample_0169,Griss_Haiti_WRF_Box_rlz1year9960storm5,357.15,placeholder_copy_of_sample_0004,2654.08
sample_0170,Griss_Haiti_WRF_Box_rlz1year9961storm5,466.56,placeholder_copy_of_sample_0004,2966.66
sample_0171,Griss_Haiti_WRF_Box_rlz1year9962storm5,733.07,placeholder_copy_of_sample_0004,1762.92
sample_0172,Griss_Haiti_WRF_Box_rlz1year9963storm5,479.28,placeholder_copy_of_sample_0004,1703.3
sample_0173,Griss_Haiti_WRF_Box_rlz1year9964storm5,551.1,placeholder_copy_of_sample_0004,2151.19
sample_0174,Griss_Haiti_WRF_Box_rlz1year9965storm4,176.85,placeholder_copy_of_sample_0004,2739.54
sample_0175,Griss_Haiti_WRF_Box_rlz1year9966storm5,639.09,placeholder_copy_of_sample_0004,2566.85
sample_0176,Griss_Haiti_WRF_Box_rlz1year9967storm5,892.69,placeholder_copy_of_sample_0004,1757.02
sample_0177,Griss_Haiti_WRF_Box_rlz1year9969storm5,765.8,placeholder_copy_of_sample_0004,2622.96
sample_0178,Griss_Haiti_WRF_Box_rlz1year9970storm5,730.64,placeholder_copy_of_sample_0004,2142.11
sample_0179,Griss_Haiti_WRF_Box_rlz1year9971storm5,692.05,placeholder_copy_of_sample_0004,3965.97
sample_0180,Griss_Haiti_WRF_Box_rlz1year9972storm4,179.24,placeholder_copy_of_sample_0004,1356.48
sample_0181,Griss_Haiti_WRF_Box_rlz1year9972storm5,522.52,placeholder_copy_of_sample_0004,3114.01
sample_0182,Griss_Haiti_WRF_Box_rlz1year9973storm5,420.83,placeholder_copy_of_sample_0004,4172.99
sample_0183,Griss_Haiti_WRF_Box_rlz1year9974storm5,537.68,placeholder_copy_of_sample_0004,2944.54
sample_0184,Griss_Haiti_WRF_Box_rlz1year9975storm5,613.58,placeholder_copy_of_sample_0004,3113.84
sample_0185,Griss_Haiti_WRF_Box_rlz1year9977storm5,584.53,placeholder_copy_of_sample_0004,3995.2
sample_0186,Griss_Haiti_WRF_Box_rlz1year9979storm5,503.11,placeholder_copy_of_sample_0004,3015.49
sample_0187,Griss_Haiti_WRF_Box_rlz1year9981storm5,607.21,placeholder_copy_of_sample_0004,4380.48
sample_0188,Griss_Haiti_WRF_Box_rlz1year9982storm5,382.65,placeholder_copy_of_sample_0004,2135.36
sample_0189,Griss_Haiti_WRF_Box_rlz1year9983storm5,534.47,placeholder_copy_of_sample_0004,4267.65
sample_0190,Griss_Haiti_WRF_Box_rlz1year9984storm5,810.16,placeholder_copy_of_sample_0004,4382.92
sample_0191,Griss_Haiti_WRF_Box_rlz1year9985storm5,509.54,placeholder_copy_of_sample_0004,3161.93
sample_0192,Griss_Haiti_WRF_Box_rlz1year9987storm5,733.94,placeholder_copy_of_sample_0004,4023.26
sample_0193,Griss_Haiti_WRF_Box_rlz1year9990storm5,521.19,placeholder_copy_of_sample_0004,2030.0
sample_0194,Griss_Haiti_WRF_Box_rlz1year9991storm5,471.73,placeholder_copy_of_sample_0004,3712.38
sample_0195,Griss_Haiti_WRF_Box_rlz1year9992storm5,497.36,placeholder_copy_of_sample_0004,3555.2
sample_0196,Griss_Haiti_WRF_Box_rlz1year9993storm5,387.54,placeholder_copy_of_sample_0004,7132.59
sample_0197,Griss_Haiti_WRF_Box_rlz1year9994storm5,698.28,placeholder_copy_of_sample_0004,3907.99
sample_0198,Griss_Haiti_WRF_Box_rlz1year9995storm5,522.48,placeholder_copy_of_sample_0004,3828.62
sample_0199,Griss_Haiti_WRF_Box_rlz1year9996storm5,657.59,placeholder_copy_of_sample_0004,1882.6
sample_0200,Griss_Haiti_WRF_Box_rlz1year9999storm5,786.1,placeholder_copy_of_sample_0004,6139.18
